07:30,19:27,08:12,18:44,08:57,18:00
07:30,19:27,08:12,18:45,08:57,18:01
07:30,19:28,08:12,18:46,08:56,18:02
07:30,19:29,08:12,18:47,08:56,18:03
07:30,19:30,08:12,18:48,08:56,18:04
07:29,19:31,08:11,18:49,08:56,18:05
07:29,19:33,08:11,18:51,08:56,18:06
07:29,19:34,08:11,18:52,08:55,18:07
07:29,19:35,08:11,18:53,08:55,18:09
07:29,19:36,08:10,18:54,08:54,18:10
07:28,19:37,08:10,18:55,08:54,18:11
07:28,19:38,08:09,18:57,08:53,18:13
07:27,19:40,08:09,18:58,08:53,18:14
07:27,19:41,08:08,18:59,08:52,18:16
07:26,19:42,08:08,19:01,08:51,18:17
07:26,19:43,08:07,19:02,08:51,18:19
07:25,19:45,08:06,19:03,08:50,18:20
07:24,19:46,08:06,19:05,08:49,18:22
07:24,19:48,08:05,19:06,08:48,18:23
07:23,19:49,08:04,19:08,08:47,18:25
07:22,19:50,08:03,19:09,08:46,18:26
07:21,19:52,08:02,19:11,08:45,18:28
07:20,19:53,08:01,19:12,08:44,18:30
07:19,19:55,08:00,19:14,08:43,18:31
07:18,19:56,07:59,19:15,08:42,18:33
07:17,19:58,07:58,19:17,08:41,18:35
07:16,19:59,07:57,19:19,08:39,18:36
07:15,20:01,07:56,19:20,08:38,18:38
07:14,20:02,07:55,19:22,08:37,18:40
07:13,20:04,07:53,19:23,08:35,18:41
07:12,20:06,07:52,19:25,08:34,18:43
07:10,20:07,07:51,19:27,08:32,18:45
07:09,20:09,07:49,19:28,08:31,18:47
07:08,20:10,07:48,19:30,08:29,18:49
07:06,20:12,07:46,19:32,08:28,18:50
07:05,20:14,07:45,19:33,08:26,18:52
07:03,20:15,07:43,19:35,08:25,18:54
07:02,20:17,07:42,19:37,08:23,18:56
07:00,20:19,07:40,19:39,08:21,18:58
06:59,20:20,07:39,19:40,08:20,18:59
06:57,20:22,07:37,19:42,08:18,19:01
06:55,20:24,07:35,19:44,08:16,19:03
06:54,20:26,07:34,19:46,08:14,19:05
06:52,20:27,07:32,19:47,08:13,19:07
06:50,20:29,07:30,19:49,08:11,19:08
06:48,20:31,07:28,19:51,08:09,19:10
06:47,20:33,07:26,19:53,08:07,19:12
06:45,20:34,07:25,19:54,08:05,19:14
06:43,20:36,07:23,19:56,08:03,19:16
06:41,20:38,07:21,19:58,08:01,19:18
06:39,20:40,07:19,20:00,07:59,19:19
06:37,20:41,07:17,20:01,07:57,19:21
06:35,20:43,07:15,20:03,07:55,19:23
06:33,20:45,07:13,20:05,07:53,19:25
06:31,20:47,07:11,20:07,07:51,19:27
06:29,20:49,07:09,20:09,07:49,19:29
06:27,20:51,07:07,20:10,07:47,19:30
06:24,20:52,07:04,20:12,07:44,19:32
06:22,20:54,07:02,20:14,07:42,19:34
06:20,20:56,07:00,20:16,07:40,19:36
06:18,20:58,06:58,20:18,07:38,19:38
06:15,21:00,06:56,20:20,07:36,19:40
06:13,21:02,06:53,20:21,07:33,19:41
06:11,21:04,06:51,20:23,07:31,19:43
06:08,21:06,06:49,20:25,07:29,19:45
06:06,21:08,06:47,20:27,07:27,19:47
06:04,21:10,06:44,20:29,07:24,19:49
06:01,21:12,06:42,20:31,07:22,19:51
05:59,21:14,06:40,20:32,07:20,19:52
05:56,21:16,06:37,20:34,07:17,19:54
05:54,21:18,06:35,20:36,07:15,19:56
05:51,21:20,06:33,20:38,07:13,19:58
05:49,21:22,06:30,20:40,07:10,20:00
05:46,21:24,06:28,20:42,07:08,20:01
05:44,21:26,06:25,20:44,07:06,20:03
05:41,21:28,06:23,20:46,07:03,20:05
05:38,21:30,06:20,20:48,07:01,20:07
05:36,21:32,06:18,20:50,06:58,20:09
05:33,21:34,06:15,20:51,06:56,20:11
05:30,21:36,06:13,20:53,06:54,20:12
05:27,21:38,06:10,20:55,06:51,20:14
05:25,21:41,06:08,20:57,06:49,20:16
05:22,21:43,06:05,20:59,06:46,20:18
05:19,21:45,06:03,21:01,06:44,20:20
05:16,21:47,06:00,21:03,06:41,20:22
05:13,21:50,05:57,21:05,06:39,20:24
05:11,21:52,05:55,21:07,06:36,20:25
06:08,22:54,06:52,22:09,07:34,21:27
06:05,22:57,06:50,22:11,07:32,21:29
06:02,22:59,06:47,22:13,07:29,21:31
05:59,23:01,06:44,22:15,07:27,21:33
05:56,23:04,06:42,22:17,07:24,21:35
05:53,23:06,06:39,22:20,07:22,21:37
05:50,23:09,06:36,22:22,07:19,21:39
05:47,23:11,06:34,22:24,07:17,21:40
05:44,23:14,06:31,22:26,07:14,21:42
05:41,23:16,06:28,22:28,07:12,21:44
05:37,23:19,06:26,22:30,07:09,21:46
05:34,23:21,06:23,22:32,07:07,21:48
05:31,23:24,06:20,22:34,07:04,21:50
05:28,23:27,06:18,22:37,07:02,21:52
05:25,23:30,06:15,22:39,07:00,21:54
05:21,23:32,06:12,22:41,06:57,21:56
05:18,23:35,06:09,22:43,06:55,21:58
05:15,23:38,06:07,22:46,06:52,22:00
05:11,23:41,06:04,22:48,06:50,22:02
05:08,23:44,06:01,22:50,06:47,22:03
05:05,23:47,05:58,22:52,06:45,22:05
05:01,23:50,05:56,22:55,06:43,22:07
04:58,23:53,05:53,22:57,06:40,22:09
04:54,23:56,05:50,22:59,06:38,22:11
04:50,23:58,05:47,23:02,06:35,22:13
04:47,00:00,05:45,23:04,06:33,22:15
04:43,00:03,05:42,23:07,06:31,22:17
04:39,00:06,05:39,23:09,06:28,22:19
04:36,00:10,05:36,23:11,06:26,22:21
04:32,00:13,05:34,23:14,06:24,22:23
04:28,00:17,05:31,23:16,06:21,22:25
04:24,00:20,05:28,23:19,06:19,22:27
04:20,00:24,05:25,23:21,06:17,22:29
04:16,00:28,05:23,23:24,06:15,22:31
04:12,00:32,05:20,23:26,06:12,22:33
04:07,00:36,05:17,23:29,06:10,22:35
04:03,00:40,05:14,23:31,06:08,22:37
03:58,00:44,05:12,23:34,06:06,22:39
03:54,00:49,05:09,23:36,06:03,22:41
03:49,00:54,05:06,23:39,06:01,22:43
03:44,00:58,05:03,23:42,05:59,22:45
03:39,01:04,05:01,23:44,05:57,22:47
03:33,01:09,04:58,23:47,05:55,22:49
03:27,01:15,04:55,23:50,05:53,22:51
03:21,01:21,04:52,23:52,05:51,22:53
03:14,01:28,04:50,23:55,05:49,22:55
03:06,01:36,04:47,23:57,05:47,22:57
02:57,01:45,04:44,23:58,05:45,22:59
02:45,01:57,04:42,00:00,05:43,23:01
02:45,01:57,04:39,00:03,05:41,23:03
02:45,01:57,04:37,00:05,05:39,23:04
02:45,01:57,04:34,00:08,05:38,23:06
02:45,01:57,04:31,00:11,05:36,23:08
02:45,01:57,04:29,00:13,05:34,23:10
02:45,01:57,04:26,00:16,05:32,23:12
02:45,01:57,04:24,00:19,05:31,23:14
02:45,01:57,04:21,00:21,05:29,23:15
02:45,01:57,04:19,00:24,05:28,23:17
02:45,01:57,04:16,00:27,05:26,23:19
02:45,01:57,04:14,00:29,05:25,23:20
02:45,01:57,04:12,00:32,05:23,23:22
02:45,01:57,04:09,00:34,05:22,23:24
02:45,01:57,04:07,00:37,05:21,23:25
02:45,01:57,04:05,00:39,05:19,23:27
02:45,01:57,04:03,00:42,05:18,23:28
02:45,01:57,04:01,00:44,05:17,23:30
02:45,01:57,03:59,00:47,05:16,23:31
02:45,01:57,03:57,00:49,05:15,23:32
02:45,01:57,03:55,00:51,05:14,23:34
02:45,01:57,03:53,00:54,05:13,23:35
02:45,01:57,03:51,00:56,05:12,23:36
02:45,01:57,03:49,00:58,05:11,23:37
02:45,01:57,03:48,01:00,05:10,23:38
02:45,01:57,03:46,01:02,05:10,23:39
02:45,01:57,03:45,01:04,05:09,23:40
02:45,01:57,03:43,01:05,05:08,23:41
02:45,01:57,03:42,01:07,05:08,23:42
02:45,01:57,03:41,01:08,05:08,23:43
02:45,01:57,03:40,01:10,05:07,23:43
02:45,01:57,03:39,01:11,05:07,23:44
02:45,01:57,03:39,01:12,05:07,23:45
02:45,01:57,03:38,01:13,05:07,23:45
02:45,01:57,03:38,01:14,05:07,23:46
02:45,01:57,03:37,01:15,05:07,23:46
02:45,01:57,03:37,01:15,05:07,23:46
02:45,01:57,03:37,01:16,05:07,23:46
02:45,01:57,03:38,01:16,05:07,23:47
02:45,01:57,03:38,01:16,05:07,23:47
02:45,01:57,03:39,01:16,05:08,23:47
02:45,01:57,03:39,01:16,05:08,23:47
02:45,01:57,03:40,01:15,05:09,23:46
02:45,01:57,03:41,01:15,05:09,23:46
02:45,01:57,03:42,01:14,05:10,23:46
02:45,01:57,03:44,01:13,05:11,23:46
02:45,01:57,03:45,01:12,05:11,23:45
02:45,01:57,03:46,01:11,05:12,23:45
02:45,01:57,03:48,01:10,05:13,23:44
02:45,01:57,03:50,01:09,05:14,23:44
02:45,01:57,03:52,01:07,05:15,23:43
02:45,01:57,03:53,01:06,05:16,23:42
02:45,01:57,03:55,01:04,05:17,23:41
02:45,01:57,03:57,01:02,05:18,23:40
02:45,01:57,04:00,01:00,05:20,23:39
02:45,01:57,04:02,00:59,05:21,23:38
02:45,01:57,04:04,00:57,05:22,23:37
02:45,01:57,04:06,00:55,05:24,23:36
02:45,01:57,04:09,00:52,05:25,23:35
02:45,01:57,04:11,00:50,05:26,23:34
02:45,01:57,04:14,00:48,05:28,23:33
02:45,01:57,04:16,00:46,05:29,23:31
02:45,01:57,04:19,00:44,05:31,23:30
02:45,01:57,04:21,00:41,05:33,23:28
02:45,01:57,04:24,00:39,05:34,23:27
02:45,01:57,04:26,00:37,05:36,23:25
02:45,01:57,04:29,00:34,05:38,23:24
02:45,01:57,04:31,00:32,05:39,23:22
02:45,01:57,04:34,00:29,05:41,23:21
02:45,01:57,04:37,00:27,05:43,23:19
02:45,01:57,04:39,00:24,05:44,23:17
02:45,01:57,04:42,00:22,05:46,23:15
02:45,01:57,04:44,00:19,05:48,23:13
02:45,01:57,04:47,00:16,05:50,23:12
02:45,01:57,04:50,00:14,05:52,23:10
02:53,02:10,04:52,00:11,05:54,23:08
03:06,01:57,04:55,00:08,05:55,23:06
03:16,01:47,04:57,00:06,05:57,23:04
03:23,01:40,05:00,00:03,05:59,23:02
03:30,01:33,05:03,23:58,06:01,23:00
03:37,01:26,05:05,23:55,06:03,22:58
03:42,01:20,05:08,23:52,06:05,22:56
03:48,01:15,05:10,23:50,06:07,22:54
03:53,01:09,05:13,23:47,06:09,22:51
03:58,01:04,05:15,23:44,06:11,22:49
04:02,01:00,05:18,23:41,06:13,22:47
04:07,00:55,05:20,23:39,06:15,22:45
04:11,00:50,05:23,23:36,06:16,22:43
04:15,00:46,05:25,23:33,06:18,22:40
04:19,00:42,05:28,23:30,06:20,22:38
04:23,00:37,05:30,23:28,06:22,22:36
04:27,00:33,05:32,23:25,06:24,22:34
04:30,00:29,05:35,23:22,06:26,22:31
04:34,00:25,05:37,23:19,06:28,22:29
04:38,00:21,05:40,23:16,06:30,22:27
04:41,00:17,05:42,23:14,06:32,22:24
04:44,00:14,05:44,23:11,06:34,22:22
04:48,00:10,05:47,23:08,06:36,22:20
04:51,00:06,05:49,23:05,06:38,22:17
04:54,00:03,05:51,23:03,06:39,22:15
04:57,23:55,05:54,23:00,06:41,22:12
05:00,23:52,05:56,22:57,06:43,22:10
05:03,23:48,05:58,22:54,06:45,22:08
05:06,23:45,06:00,22:51,06:47,22:05
05:09,23:42,06:02,22:49,06:49,22:03
05:12,23:38,06:05,22:46,06:51,22:00
05:15,23:35,06:07,22:43,06:53,21:58
05:17,23:31,06:09,22:40,06:54,21:55
05:20,23:28,06:11,22:38,06:56,21:53
05:23,23:25,06:13,22:35,06:58,21:50
05:25,23:22,06:15,22:32,07:00,21:48
05:28,23:18,06:17,22:30,07:02,21:45
05:31,23:15,06:20,22:27,07:04,21:43
05:33,23:12,06:22,22:24,07:05,21:40
05:36,23:09,06:24,22:21,07:07,21:38
05:38,23:06,06:26,22:19,07:09,21:35
05:40,23:03,06:28,22:16,07:11,21:33
05:43,23:00,06:30,22:13,07:13,21:30
05:45,22:57,06:32,22:11,07:15,21:28
05:48,22:54,06:34,22:08,07:16,21:26
05:50,22:51,06:36,22:05,07:18,21:23
05:52,22:48,06:38,22:03,07:20,21:21
05:54,22:45,06:40,22:00,07:22,21:18
05:57,22:42,06:42,21:57,07:23,21:16
05:59,22:39,06:43,21:55,07:25,21:13
06:01,22:36,06:45,21:52,07:27,21:11
06:03,22:33,06:47,21:49,07:29,21:08
06:05,22:30,06:49,21:47,07:31,21:06
06:08,22:27,06:51,21:44,07:32,21:03
06:10,22:25,06:53,21:42,07:34,21:01
06:12,22:22,06:55,21:39,07:36,20:58
06:14,22:19,06:57,21:37,07:38,20:56
06:16,22:16,06:59,21:34,07:39,20:53
06:18,22:14,07:00,21:32,07:41,20:51
06:20,22:11,07:02,21:29,07:43,20:49
06:22,22:08,07:04,21:27,07:45,20:46
06:24,22:06,07:06,21:24,07:46,20:44
06:26,22:03,07:08,21:22,07:48,20:41
06:28,22:01,07:09,21:19,07:50,20:39
06:30,21:58,07:11,21:17,07:52,20:37
06:32,21:55,07:13,21:14,07:53,20:34
06:34,21:53,07:15,21:12,07:55,20:32
06:36,21:50,07:17,21:09,07:57,20:29
06:37,21:48,07:18,21:07,07:58,20:27
06:39,21:45,07:20,21:05,08:00,20:25
06:41,21:43,07:22,21:02,08:02,20:23
06:43,21:41,07:24,21:00,08:04,20:20
06:45,21:38,07:25,20:58,08:05,20:18
06:47,21:36,07:27,20:56,08:07,20:16
06:49,21:34,07:29,20:53,08:09,20:13
06:50,21:31,07:31,20:51,08:11,20:11
06:52,21:29,07:32,20:49,08:12,20:09
06:54,21:27,07:34,20:47,08:14,20:07
06:56,21:24,07:36,20:44,08:16,20:05
06:58,21:22,07:38,20:42,08:18,20:02
06:59,21:20,07:39,20:40,08:19,20:00
07:01,21:18,07:41,20:38,08:21,19:58
07:03,21:16,07:43,20:36,08:23,19:56
07:05,21:14,07:45,20:34,08:25,19:54
07:06,21:12,07:46,20:32,08:26,19:52
07:08,21:10,07:48,20:30,08:28,19:50
07:10,21:08,07:50,20:28,08:30,19:48
07:11,21:06,07:51,20:26,08:32,19:46
07:13,21:04,07:53,20:24,08:34,19:44
07:15,21:02,07:55,20:22,08:35,19:42
07:17,21:00,07:57,20:20,08:37,19:40
07:18,20:58,07:58,20:18,08:39,19:38
07:20,20:56,08:00,20:17,08:41,19:36
07:22,20:55,08:02,20:15,08:42,19:34
06:23,19:53,07:03,19:13,07:44,18:32
06:25,19:51,07:05,19:11,07:46,18:30
06:26,19:50,07:07,19:10,07:48,18:29
06:28,19:48,07:08,19:08,07:49,18:27
06:30,19:46,07:10,19:06,07:51,18:25
06:31,19:45,07:12,19:05,07:53,18:24
06:33,19:43,07:13,19:03,07:55,18:22
06:35,19:42,07:15,19:02,07:56,18:20
06:36,19:40,07:16,19:00,07:58,18:19
06:38,19:39,07:18,18:59,08:00,18:17
06:39,19:38,07:20,18:57,08:01,18:16
06:41,19:36,07:21,18:56,08:03,18:14
06:42,19:35,07:23,18:55,08:05,18:13
06:44,19:34,07:25,18:53,08:07,18:11
06:45,19:33,07:26,18:52,08:08,18:10
06:47,19:31,07:28,18:51,08:10,18:09
06:48,19:30,07:29,18:50,08:12,18:07
06:50,19:29,07:31,18:48,08:13,18:06
06:51,19:28,07:32,18:47,08:15,18:05
06:53,19:27,07:34,18:46,08:16,18:04
06:54,19:26,07:35,18:45,08:18,18:02
06:56,19:25,07:37,18:44,08:20,18:01
06:57,19:24,07:38,18:43,08:21,18:00
06:58,19:24,07:40,18:42,08:23,17:59
07:00,19:23,07:41,18:42,08:24,17:58
07:01,19:22,07:42,18:41,08:26,17:58
07:02,19:21,07:44,18:40,08:27,17:57
07:04,19:21,07:45,18:39,08:29,17:56
07:05,19:20,07:47,18:39,08:30,17:55
07:06,19:20,07:48,18:38,08:32,17:54
07:08,19:19,07:49,18:38,08:33,17:54
07:09,19:19,07:50,18:37,08:34,17:53
07:10,19:18,07:52,18:37,08:36,17:53
07:11,19:18,07:53,18:36,08:37,17:52
07:12,19:18,07:54,18:36,08:38,17:52
07:13,19:17,07:55,18:36,08:40,17:51
07:14,19:17,07:56,18:35,08:41,17:51
07:15,19:17,07:57,18:35,08:42,17:51
07:16,19:17,07:58,18:35,08:43,17:50
07:17,19:17,07:59,18:35,08:44,17:50
07:18,19:17,08:00,18:35,08:45,17:50
07:19,19:17,08:01,18:35,08:46,17:50
07:20,19:17,08:02,18:35,08:47,17:50
07:21,19:17,08:03,18:35,08:48,17:50
07:22,19:17,08:04,18:35,08:49,17:50
07:23,19:17,08:05,18:35,08:50,17:50
07:23,19:18,08:06,18:35,08:51,17:50
07:24,19:18,08:06,18:36,08:51,17:51
07:25,19:18,08:07,18:36,08:52,17:51
07:25,19:19,08:08,18:36,08:53,17:51
07:26,19:19,08:08,18:37,08:53,17:52
07:27,19:19,08:09,18:37,08:54,17:52
07:27,19:20,08:09,18:38,08:54,17:53
07:27,19:21,08:10,18:38,08:55,17:53
07:28,19:21,08:10,18:39,08:55,17:54
07:28,19:22,08:11,18:39,08:56,17:54
07:29,19:22,08:11,18:40,08:56,17:55
07:29,19:23,08:11,18:41,08:56,17:56
07:29,19:24,08:11,18:42,08:56,17:57
07:29,19:25,08:12,18:42,08:56,17:58
07:30,19:25,08:12,18:43,08:57,17:58
07:30,19:26,08:12,18:44,08:57,17:59
